first,second,reason
open,close,антонимы: каждый стоит обманкой у другого
big,small,антонимы: каждый стоит обманкой у другого
hot,cold,антонимы: каждый стоит обманкой у другого
new,old,антонимы: каждый стоит обманкой у другого
eat,drink,соседи по действию с едой: каждый стоит обманкой у другого
read,write,соседи по действию с текстом: каждый стоит обманкой у другого
milk,water,соседи по категории напитков: каждый стоит обманкой у другого
door,window,соседи по категории проёмов: каждый стоит обманкой у другого
table,chair,соседи по категории мебели: каждый стоит обманкой у другого
hand,head,соседи по категории частей тела: каждый стоит обманкой у другого
red,green,соседи по категории цветов: каждый стоит обманкой у другого
good,bad,антонимы: каждый стоит обманкой у другого (порция 2)
step,walk,переводы «шагать» и «ходить» — почти синонимы на разных карточках; валидатор такое не находит
come,walk,переводы «приходить» и «ходить» однокоренные: карточки различаются приставкой
clock,hour,«часы» и «час» различаются одной буквой — near-miss на чтении
temple,church,«храм» и «церковь» — почти синонимы; обманки разведены, но в один день их показывать нельзя
give,take,антонимы: каждый стоит обманкой у другого (порция 3)
come,leave,антонимы: каждый стоит обманкой у другого (порция 3)
arrive,come,переводы «приезжать» и «приходить» — почти синонимы на разных карточках
go,walk,«идти» и «ходить» — пара движения в русском, различить их A1 не может
better,good,«лучше» — сравнительная степень «хорошего»: одна лексема на двух карточках
life,live,переводы «жизнь» и «жить» однокоренные
break,broken,переводы «ломать» и «сломанный» однокоренные
warm,hot,«тёплый» и «горячий» — соседи на одной шкале, граница размыта
wish,dream,«желание» и «мечта» — почти синонимы
change,become,переводы «менять» и «меняться» однокоренные: become стоит с «меняться» в обманках
quickly,slowly,антонимы: каждый стоит обманкой у другого (порция 4)
quickly,fast,переводы «быстро» и «быстрый» однокоренные
thin,thing,различаются одной буквой — near-miss на чтении
collect,college,различаются хвостом — near-miss на чтении
greet,green,различаются одной буквой — near-miss на чтении
together,place,переводы «вместе» и «место» различаются двумя буквами — near-miss на чтении
rat,mouse,«крыса» и «мышь» — почти синонимы для ученика; «крыса» стоит обманкой у mouse
know,guess,«знать» стоит обманкой у guess: соседние по смыслу
plan,goal,«план» и «цель» — почти синонимы; «план» стоит обманкой у goal
ugly,beautiful,антонимы на одной шкале внешности; «красивый» стоит обманкой у ugly
wonderful,good,обе высокие оценки на одной шкале
dish,food,«блюдо» и «еда» — почти синонимы
bring,come,переводы «приносить» и «приходить» — одна приставка, соседние по смыслу
music,song,«музыка» и «песня» — соседние; «музыка» стоит обманкой у song
pay,buy,«платить» и «покупать» — почти синонимы; «платить» стоит обманкой у buy
conversation,speak,переводы «разговор» и «говорить» однокоренные
practice,exercise,переводы «тренировка» и «тренироваться» однокоренные
health,greet,переводы «здоровье» и «здороваться» однокоренные
sum,summer,sum — начало summer: near-miss на чтении
snow,snowy,однокоренные и в английском, и в переводах («снег» / «снежный»)
guest,guess,различаются одной буквой — near-miss на чтении
show,shower,show — начало shower: near-miss на чтении
vacation,holiday,синонимы в английском: ученик отобразит любое в любое
mountain,hill,«гора» и «холм» — почти синонимы
child,baby,«ребёнок» и «малыш» — почти синонимы
child,boy,«ребёнок» стоит обманкой у boy: мальчик и есть ребёнок
get,take,«получать» и «брать» — почти синонимы для ученика
sad,glad,антонимы одной эмоции; «грустный» стоит обманкой у glad
stay,leave,антонимы; «оставаться» стоит обманкой у leave
yard,garden,«двор» стоит обманкой у garden: соседние по смыслу
lesson,classroom,«урок» стоит обманкой у classroom
phone,television,переводы «телефон» и «телевизор» различаются серединой слова — near-miss на чтении (как clock/hour)
best,better,супплетивы одной лексемы: «лучший» и «лучше» на двух карточках
best,good,«лучший» — превосходная степень «хорошего»: одна лексема
button,butter,различаются одной буквой — near-miss на чтении (порции 6 и 7)
win,wind,различаются одной буквой — near-miss на чтении
win,window,win — начало window: near-miss на чтении
plane,plan,различаются одной буквой — near-miss на чтении
hear,heart,различаются одной буквой — near-miss на чтении
bus,busy,bus — начало busy: near-miss на чтении
hot,hotel,hot — начало hotel: near-miss на чтении
new,news,new — начало news: near-miss на чтении
go,gold,go — начало gold: near-miss на чтении
button,butterfly,общее начало butt- : near-miss на чтении
butter,butterfly,butter — начало butterfly: near-miss на чтении
bath,bathroom,bath — начало bathroom: near-miss на чтении
glass,glasses,glass — начало glasses, и переводы соседние («стакан» / «очки»)
closed,close,однокоренные: «закрытый» и «закрывать»
cloudy,cloud,однокоренные: «облачный» и «облако»
classmate,classroom,общее начало class- : near-miss на чтении
reading,read,однокоренные в обоих языках: «чтение» и «читать»
work,worker,однокоренные в обоих языках: «работать» и «рабочий»
toilet,bathroom,в русском «туалет» и «ванная» — соседние комнаты, в английском bathroom часто и есть туалет
bath,shower,«ванна» и «душ» — соседние; «ванна» стоит обманкой у shower
girl,boy,«девочка» стоит обманкой у boy: пара
evening,morning,«вечер» стоит обманкой у morning: соседние части суток
husband,wife,«муж» стоит обманкой у wife: пара
spring,summer,«весна» стоит обманкой у summer: соседние сезоны
butter,cream,«масло» стоит обманкой у cream: молочные соседи
jacket,coat,«куртка» стоит обманкой у coat: верхняя одежда
glass,cup,«стакан» стоит обманкой у cup: посуда для питья
cute,beautiful,«милый» стоит обманкой у beautiful: обе про внешность
tall,big,«высокий» стоит обманкой у big
tall,long,«высокий» и «длинный» — соседи по измерению
news,information,«новости» и «информация» — почти синонимы
video,movie,«видео» и «фильм» — соседние
island,beach,«остров» стоит обманкой у beach: оба про побережье
candy,biscuit,«конфета» стоит обманкой у biscuit: сладости
where,how,«где» стоит обманкой у how: вопросительные
pen,hand,«ручка» — уменьшительное от «руки»: ученик прочтёт связь там, где её нет
time,hour,«время» и «час» — соседние
push,kick,«толкать» стоит обманкой у kick
share,change,«делиться» и «делить» однокоренные, и «делить» стоит обманкой у change
clean,dirty,антонимы: каждый стоит обманкой у другого (порции 8–13)
see,hear,взаимные обманки: оба про восприятие
interesting,boring,антонимы: каждый стоит обманкой у другого (порции 8–13)
important,easy,взаимные обманки, хотя слова о разном
short,long,антонимы: каждый стоит обманкой у другого (порции 8–13)
forget,remember,антонимы: каждый стоит обманкой у другого (порции 8–13)
mum,dad,взаимные обманки: пара родителей
slow,fast,антонимы: каждый стоит обманкой у другого (порции 8–13)
same,different,антонимы: каждый стоит обманкой у другого (порции 8–13)
sell,buy,антонимы: каждый стоит обманкой у другого (порции 8–13)
fairy,fair,near-miss на чтении
celebrate,celebration,производная пара: «праздновать» и «празднование»
teacher,teach,производная пара: «учитель» и «учить»
meeting,meet,производная пара: «встреча» и «встречать»
rule,ruler,near-miss на чтении
ready,read,near-miss на чтении
ready,reading,near-miss на чтении
difference,different,производная пара: «разница» и «разный»
father,fat,near-miss на чтении
add,address,near-miss на чтении
think,thing,near-miss на чтении
think,thin,near-miss на чтении
clothes,cloth,near-miss на чтении: «одежда» и «ткань»
ground,group,near-miss на чтении
feel,feeling,производная пара: «чувствовать» и «чувство»
rain,rainy,производная пара: «дождь» и «дождливый»
event,evening,near-miss на чтении
waitress,wait,near-miss на чтении
strange,straight,near-miss на чтении
person,personal,near-miss на чтении
shopping,shop,производная пара: «покупки» и «магазин»
writer,write,производная пара: «писатель» и «писать»
war,warm,near-miss на чтении
party,partner,near-miss на чтении
cut,cute,near-miss на чтении
newspaper,new,near-miss на чтении
newspaper,news,near-miss на чтении
cartoon,car,near-miss на чтении
happy,happen,near-miss на чтении
study,student,near-miss на чтении
slow,slowly,однокоренные переводы: «медленный» и «медленно»
carry,car,near-miss на чтении
sunny,sun,производная пара: «солнечный» и «солнце»
topic,top,near-miss на чтении
grandpa,grandma,near-miss на чтении: и пара по смыслу
bedroom,bed,near-miss на чтении
collection,college,near-miss на чтении
collection,collect,производная пара: «коллекция» и «собирать»
foreign,foreigner,производная пара: «иностранный» и «иностранец»
clothes,hope,однокоренные переводы на вид: «одежда» и «надежда»
mail,almost,«почта» и «почти» различаются одной буквой
dress,pay,однокоренные переводы: «платье» и «платить»
rain,snow,«дождь» и «снег» — соседи; «дождь» стоит обманкой у snow
buy,shopping,однокоренные переводы: «покупать» и «покупки»
say,speak,«сказать» и «говорить» — почти синонимы
hat,cap,«шляпа» и «кепка» — головные уборы, ученик их путает
room,bedroom,«комната» и «спальня» — соседние
teach,learn,«учить» и «учиться» различаются возвратным -ся: классическая пара путаницы, проверочный случай для правила Б1
start,finish,антонимы: «начинать» стоит обманкой у finish
play,game,однокоренные переводы: «играть» и «игра»
love,like,«любить» и «нравиться» — почти синонимы
see,watch,«видеть» и «смотреть» — почти синонимы
father,dad,«отец» и «папа» — регистровые варианты
mother,mum,«мать» и «мама» — регистровые варианты
man,boy,«мужчина» стоит обманкой у boy
woman,girl,«женщина» стоит обманкой у girl
woman,man,пара по полу, обманки пересекаются
uncle,aunt,«дядя» стоит обманкой у aunt: пара
teacher,student,«учитель» стоит обманкой у student
minute,hour,«минута» стоит обманкой у hour
moment,time,«момент» стоит обманкой у time
question,answer,пара «вопрос — отвечать»
now,then,«потом» стоит обманкой у now
newspaper,magazine,«газета» и «журнал» — соседние
cartoon,movie,«мультфильм» стоит обманкой у movie
boat,ship,«лодка» стоит обманкой у ship
war,fight,«война» стоит обманкой у fight
garbage,pollution,«мусор» стоит обманкой у pollution
school,college,«школа» стоит обманкой у college
team,group,«команда» и «группа» — почти синонимы
happy,glad,«счастливый» и «радостный» — почти синонимы
night,evening,соседние части суток
yesterday,today,соседние дни, обманки пересекаются
yesterday,tomorrow,«вчера» стоит обманкой у tomorrow
why,how,вопросительные, обманки пересекаются
why,where,вопросительные, обманки пересекаются
when,how,вопросительные, обманки пересекаются
when,where,вопросительные, обманки пересекаются
when,why,вопросительные, обманки пересекаются
white,black,пара цветов, обманки пересекаются
sweet,delicious,«сладкий» стоит обманкой у delicious
turkey,chicken,«индейка» стоит обманкой у chicken
photo,picture,«фото» стоит обманкой у picture
message,information,«сообщение» стоит обманкой у information
surprise,gift,«сюрприз» стоит обманкой у gift
radio,television,«радио» стоит обманкой у television
station,airport,соседние по смыслу
supermarket,shop,«супермаркет» и «магазин» — почти синонимы
art,sport,«искусство» стоит обманкой у sport
sandwich,hamburger,соседние: «бутерброд» и «гамбургер»
meat,beef,«мясо» и «говядина» — родовое и видовое
coach,practice,однокоренные переводы: «тренер» и «тренировка»
early,before,однокоренные переводы: «рано» и «раньше»
weekend,vacation,«выходные» и «выходной» из обманок vacation
desk,table,«парта» и «стол» — соседние
toy,doll,«игрушка» и «кукла» — родовое и видовое
smile,laugh,«улыбка» и «смеяться» — соседние
autumn,spring,соседние сезоны, обманки пересекаются
cake,biscuit,«торт» стоит обманкой у biscuit
king,princess,соседние по смыслу
people,person,супплетивная пара: «люди» и «человек»
hope,wish,«надежда» стоит обманкой у wish
box,bag,«коробка» стоит обманкой у bag
bridge,building,«мост» стоит обманкой у building
top,side,обманки пересекаются: «верх», «край», «низ»
